Fips,ERS resource region
1001,6
1003,6
1005,6
1007,5
1009,5
1011,6
1013,6
1015,5
1017,6
1019,5
1021,5
1023,6
1025,6
1027,6
1029,5
1031,6
1033,6
1035,6
1037,6
1039,6
1041,6
1043,5
1045,6
1047,6
1049,5
1051,6
1053,6
1055,5
1057,6
1059,6
1061,6
1063,6
1065,6
1067,6
1069,6
1071,5
1073,5
1075,6
1077,5
1079,5
1081,6
1083,5
1085,6
1087,6
1089,5
1091,6
1093,6
1095,5
1097,6
1099,6
1101,6
1103,5
1105,6
1107,6
1109,6
1111,6
1113,6
1115,5
1117,5
1119,6
1121,6
1123,6
1125,6
1127,5
1129,6
1131,6
1133,5
4001,8
4003,7
4005,7
4007,7
4009,7
4011,8
4012,7
4013,7
4015,8
4017,7
4019,7
4021,7
4023,7
4025,8
4027,7
5001,9
5003,9
5005,5
5007,5
5009,5
5011,6
5013,6
5015,5
5017,9
5019,6
5021,9
5023,5
5025,6
5027,6
5029,5
5031,9
5033,5
5035,9
5037,9
5039,6
5041,9
5043,9
5045,5
5047,5
5049,5
5051,5
5053,5
5055,9
5057,5
5059,5
5061,5
5063,9
5065,5
5067,9
5069,9
5071,5
5073,5
5075,9
5077,9
5079,9
5081,5
5083,5
5085,9
5087,5
5089,5
5091,5
5093,9
5095,9
5097,5
5099,6
5101,5
5103,6
5105,5
5107,9
5109,5
5111,9
5113,5
5115,5
5117,9
5119,5
5121,9
5123,9
5125,5
5127,5
5129,5
5131,5
5133,5
5135,5
5137,5
5139,6
5141,5
5143,5
5145,9
5147,9
5149,5
6001,7
6003,8
6005,8
6007,7
6009,8
6011,7
6013,7
6015,8
6017,8
6019,7
6021,7
6023,8
6025,7
6027,8
6029,7
6031,7
6033,7
6035,8
6037,7
6039,7
6041,7
6043,8
6045,8
6047,7
6049,8
6051,8
6053,7
6055,7
6057,8
6059,7
6061,8
6063,8
6065,7
6067,7
6069,7
6071,7
6073,7
6075,7
6077,7
6079,7
6081,7
6083,7
6085,7
6087,7
6089,8
6091,8
6093,8
6095,7
6097,7
6099,7
6101,7
6103,7
6105,8
6107,7
6109,8
6111,7
6113,7
6115,7
8001,4
8003,8
8005,4
8007,8
8009,4
8011,4
8013,3
8015,8
8017,4
8019,8
8021,8
8023,8
8025,4
8027,4
8029,8
8031,4
8033,8
8035,4
8037,8
8039,4
8041,4
8043,4
8045,8
8047,8
8049,8
8051,8
8053,8
8055,4
8057,8
8059,3
8061,4
8063,4
8065,8
8067,8
8069,3
8071,4
8073,4
8075,3
8077,8
8079,8
8081,8
8083,8
8085,8
8087,3
8089,4
8091,8
8093,8
8095,4
8097,8
8099,4
8101,4
8103,8
8105,8
8107,8
8109,8
8111,8
8113,8
8115,3
8117,8
8119,8
8121,4
8123,3
8125,4
9001,2
9003,2
9005,2
9007,2
9009,2
9011,2
9013,2
9015,2
10001,6
10003,6
10005,6
11001,6
12001,7
12003,7
12005,7
12007,7
12009,7
12011,7
12013,7
12015,7
12017,7
12019,7
12021,7
12023,7
12025,7
12027,7
12029,7
12031,7
12033,7
12035,7
12037,7
12039,7
12041,7
12043,7
12045,7
12047,7
12049,7
12051,7
12053,7
12055,7
12057,7
12059,7
12061,7
12063,7
12065,7
12067,7
12069,7
12071,7
12073,7
12075,7
12077,7
12079,7
12081,7
12083,7
12085,7
12087,7
12089,7
12091,7
12093,7
12095,7
12097,7
12099,7
12101,7
12103,7
12105,7
12107,7
12109,7
12111,7
12113,7
12115,7
12117,7
12119,7
12121,7
12123,7
12125,7
12127,7
12129,7
12131,7
12133,7
13001,7
13003,6
13005,7
13007,6
13009,6
13011,6
13013,6
13015,5
13017,6
13019,6
13021,6
13023,6
13025,7
13027,6
13029,7
13031,6
13033,6
13035,6
13037,6
13039,7
13043,6
13045,6
13047,5
13049,7
13051,7
13053,6
13055,5
13057,6
13059,6
13061,6
13063,6
13065,6
13067,6
13069,6
13071,6
13073,6
13075,6
13077,6
13079,6
13081,6
13083,5
13085,6
13087,6
13089,6
13091,6
13093,6
13095,6
13097,6
13099,6
13101,6
13103,6
13105,6
13107,6
13109,7
13111,6
13113,6
13115,5
13117,6
13119,6
13121,6
13123,6
13125,6
13127,7
13129,5
13131,6
13133,6
13135,6
13137,6
13139,6
13141,6
13143,6
13145,6
13147,6
13149,6
13151,6
13153,6
13155,6
13157,6
13159,6
13161,6
13163,6
13165,6
13167,6
13169,6
13171,6
13173,6
13175,6
13177,6
13179,7
13181,6
13183,7
13185,6
13187,6
13189,6
13191,7
13193,6
13195,6
13197,6
13199,6
13201,6
13205,6
13207,6
13209,6
13211,6
13213,5
13215,6
13217,6
13219,6
13221,6
13223,5
13225,6
13227,6
13229,7
13231,6
13233,5
13235,6
13237,6
13239,6
13241,6
13243,6
13245,6
13247,6
13249,6
13251,6
13253,6
13255,6
13257,6
13259,6
13261,6
13263,6
13265,6
13267,7
13269,6
13271,6
13273,6
13275,6
13277,6
13279,7
13281,6
13283,6
13285,6
13287,6
13289,6
13291,6
13293,6
13295,5
13297,6
13299,7
13301,6
13303,6
13305,7
13307,6
13309,6
13311,6
13313,5
13315,6
13317,6
13319,6
13321,6
16001,7
16003,7
16005,7
16007,7
16009,8
16011,7
16013,7
16015,7
16017,8
16019,7
16021,8
16023,7
16025,7
16027,7
16029,7
16031,7
16033,7
16035,8
16037,7
16039,7
16041,7
16043,7
16045,7
16047,7
16049,8
16051,7
16053,7
16055,8
16057,8
16059,7
16061,8
16063,7
16065,7
16067,7
16069,8
16071,7
16073,7
16075,7
16077,7
16079,8
16081,7
16083,7
16085,7
16087,7
17001,1
17003,1
17005,1
17007,1
17009,1
17011,1
17013,1
17015,1
17017,1
17019,1
17021,1
17023,1
17025,1
17027,1
17029,1
17031,1
17033,1
17035,1
17037,1
17039,1
17041,1
17043,1
17045,1
17047,1
17049,1
17051,1
17053,1
17055,1
17057,1
17059,1
17061,1
17063,1
17065,1
17067,1
17069,1
17071,1
17073,1
17075,1
17077,1
17079,1
17081,1
17083,1
17085,1
17087,1
17089,1
17091,1
17093,1
17095,1
17097,1
17099,1
17101,1
17103,1
17105,1
17107,1
17109,1
17111,1
17113,1
17115,1
17117,1
17119,1
17121,1
17123,1
17125,1
17127,1
17129,1
17131,1
17133,1
17135,1
17137,1
17139,1
17141,1
17143,1
17145,1
17147,1
17149,1
17151,1
17153,1
17155,1
17157,1
17159,1
17161,1
17163,1
17165,1
17167,1
17169,1
17171,1
17173,1
17175,1
17177,1
17179,1
17181,1
17183,1
17185,1
17187,1
17189,1
17191,1
17193,1
17195,1
17197,1
17199,1
17201,1
17203,1
18001,1
18003,1
18005,1
18007,1
18009,1
18011,1
18013,1
18015,1
18017,1
18019,1
18021,1
18023,1
18025,1
18027,1
18029,1
18031,1
18033,1
18035,1
18037,1
18039,1
18041,1
18043,1
18045,1
18047,1
18049,1
18051,1
18053,1
18055,1
18057,1
18059,1
18061,1
18063,1
18065,1
18067,1
18069,1
18071,1
18073,1
18075,1
18077,1
18079,1
18081,1
18083,1
18085,1
18087,1
18089,1
18091,1
18093,1
18095,1
18097,1
18099,1
18101,1
18103,1
18105,1
18107,1
18109,1
18111,1
18113,1
18115,1
18117,1
18119,1
18121,1
18123,1
18125,1
18127,1
18129,1
18131,1
18133,1
18135,1
18137,1
18139,1
18141,1
18143,1
18145,1
18147,1
18149,1
18151,1
18153,1
18155,1
18157,1
18159,1
18161,1
18163,1
18165,1
18167,1
18169,1
18171,1
18173,1
18175,1
18177,1
18179,1
18181,1
18183,1
19001,1
19003,1
19005,1
19007,1
19009,1
19011,1
19013,1
19015,1
19017,1
19019,1
19021,1
19023,1
19025,1
19027,1
19029,1
19031,1
19033,1
19035,1
19037,1
19039,1
19041,1
19043,1
19045,1
19047,1
19049,1
19051,1
19053,1
19055,1
19057,1
19059,1
19061,1
19063,1
19065,1
19067,1
19069,1
19071,1
19073,1
19075,1
19077,1
19079,1
19081,1
19083,1
19085,1
19087,1
19089,1
19091,1
19093,1
19095,1
19097,1
19099,1
19101,1
19103,1
19105,1
19107,1
19109,1
19111,1
19113,1
19115,1
19117,1
19119,1
19121,1
19123,1
19125,1
19127,1
19129,1
19131,1
19133,1
19135,1
19137,1
19139,1
19141,1
19143,1
19145,1
19147,1
19149,1
19151,1
19153,1
19155,1
19157,1
19159,1
19161,1
19163,1
19165,1
19167,1
19169,1
19171,1
19173,1
19175,1
19177,1
19179,1
19181,1
19183,1
19185,1
19187,1
19189,1
19191,1
19193,1
19195,1
19197,1
20001,4
20003,4
20005,4
20007,4
20009,4
20011,4
20013,4
20015,4
20017,4
20019,4
20021,4
20023,4
20025,4
20027,4
20029,4
20031,4
20033,4
20035,4
20037,4
20039,4
20041,4
20043,4
20045,4
20047,4
20049,4
20051,4
20053,4
20055,4
20057,4
20059,4
20061,4
20063,4
20065,4
20067,4
20069,4
20071,4
20073,4
20075,4
20077,4
20079,4
20081,4
20083,4
20085,4
20087,4
20089,4
20091,4
20093,4
20095,4
20097,4
20099,4
20101,4
20103,4
20105,4
20107,4
20109,4
20111,4
20113,4
20115,4
20117,4
20119,4
20121,4
20123,4
20125,4
20127,4
20129,4
20131,4
20133,4
20135,4
20137,4
20139,4
20141,4
20143,4
20145,4
20147,4
20149,4
20151,4
20153,4
20155,4
20157,4
20159,4
20161,4
20163,4
20165,4
20167,4
20169,4
20171,4
20173,4
20175,4
20177,4
20179,4
20181,4
20183,4
20185,4
20187,4
20189,4
20191,4
20193,4
20195,4
20197,4
20199,4
20201,4
20203,4
20205,4
20207,4
20209,4
21001,5
21003,5
21005,5
21007,1
21009,5
21011,5
21013,5
21015,5
21017,5
21019,5
21021,5
21023,5
21025,5
21027,5
21029,5
21031,5
21033,1
21035,1
21037,5
21039,1
21041,5
21043,5
21045,5
21047,1
21049,5
21051,5
21053,5
21055,1
21057,5
21059,1
21061,5
21063,5
21065,5
21067,5
21069,5
21071,5
21073,5
21075,1
21077,5
21079,5
21081,5
21083,1
21085,5
21087,5
21089,5
21091,1
21093,5
21095,5
21097,5
21099,5
21101,1
21103,5
21105,1
21107,1
21109,5
21111,5
21113,5
21115,5
21117,5
21119,5
21121,5
21123,5
21125,5
21127,5
21129,5
21131,5
21133,5
21135,5
21137,5
21139,1
21141,1
21143,1
21145,1
21147,5
21149,1
21151,5
21153,5
21155,5
21157,1
21159,5
21161,5
21163,5
21165,5
21167,5
21169,5
21171,5
21173,5
21175,5
21177,1
21179,5
21181,5
21183,1
21185,5
21187,5
21189,5
21191,5
21193,5
21195,5
21197,5
21199,5
21201,5
21203,5
21205,5
21207,5
21209,5
21211,5
21213,1
21215,5
21217,5
21219,1
21221,1
21223,5
21225,1
21227,5
21229,5
21231,5
21233,1
21235,5
21237,5
21239,5
22001,9
22003,9
22005,9
22007,9
22009,9
22011,9
22013,6
22015,6
22017,6
22019,9
22021,6
22023,9
22025,9
22027,6
22029,9
22031,6
22033,9
22035,9
22037,9
22039,9
22041,9
22043,9
22045,9
22047,9
22049,6
22051,9
22053,9
22055,9
22057,9
22059,9
22061,6
22063,9
22065,9
22067,9
22069,6
22071,9
22073,6
22075,9
22077,9
22079,9
22081,6
22083,9
22085,6
22087,9
22089,9
22091,9
22093,9
22095,9
22097,9
22099,9
22101,9
22103,9
22105,9
22107,9
22109,9
22111,6
22113,9
22115,6
22117,9
22119,6
22121,9
22123,9
22125,9
22127,6
23001,2
23003,2
23005,2
23007,2
23009,2
23011,2
23013,2
23015,2
23017,2
23019,2
23021,2
23023,2
23025,2
23027,2
23029,2
23031,2
24001,5
24003,6
24005,2
24009,6
24011,6
24013,2
24015,6
24017,6
24019,6
24021,2
24023,5
24025,2
24027,2
24029,6
24031,2
24033,6
24035,6
24037,6
24039,6
24041,6
24043,2
24045,6
24047,6
24510,2
25001,2
25003,2
25005,2
25009,2
25011,2
25013,2
25015,2
25017,2
25021,2
25023,2
25025,2
25027,2
26001,2
26003,2
26005,2
26007,2
26009,2
26011,2
26013,2
26015,2
26017,2
26019,2
26021,2
26023,2
26025,2
26027,2
26029,2
26031,2
26033,2
26035,2
26037,2
26039,2
26041,2
26043,2
26045,2
26047,2
26049,2
26051,2
26053,2
26055,2
26057,2
26059,2
26061,2
26063,2
26065,2
26067,2
26069,2
26071,2
26073,2
26075,2
26077,2
26079,2
26081,2
26083,2
26085,2
26087,2
26089,2
26091,2
26093,2
26095,2
26097,2
26099,2
26101,2
26103,2
26105,2
26107,2
26109,2
26111,2
26113,2
26115,2
26117,2
26119,2
26121,2
26123,2
26125,2
26127,2
26129,2
26131,2
26133,2
26135,2
26137,2
26139,2
26141,2
26143,2
26145,2
26147,2
26149,2
26151,2
26153,2
26155,2
26157,2
26159,2
26161,2
26163,2
26165,2
27001,2
27003,2
27005,3
27007,2
27009,2
27011,1
27013,1
27015,1
27017,2
27019,2
27021,2
27023,1
27025,2
27027,3
27029,3
27031,2
27033,1
27035,2
27037,1
27039,1
27041,1
27043,1
27045,1
27047,1
27049,1
27051,1
27053,2
27055,1
27057,2
27059,2
27061,2
27063,1
27065,2
27067,2
27069,3
27071,2
27073,1
27075,2
27077,2
27079,1
27081,1
27083,1
27085,2
27087,3
27089,3
27091,1
27093,2
27095,2
27097,2
27099,1
27101,1
27103,1
27105,1
27107,3
27109,1
27111,1
27113,3
27115,2
27117,1
27119,3
27121,1
27123,2
27125,3
27127,1
27129,2
27131,1
27133,1
27135,3
27137,2
27139,2
27141,2
27143,2
27145,2
27147,1
27149,1
27151,1
27153,2
27155,1
27157,1
27159,2
27161,1
27163,2
27165,1
27167,1
27169,1
27171,2
27173,1
28001,9
28003,9
28005,9
28007,9
28009,9
28011,9
28013,9
28015,9
28017,9
28019,9
28021,9
28023,6
28025,9
28027,9
28029,9
28031,6
28033,9
28035,6
28037,9
28039,6
28041,6
28043,9
28045,6
28047,6
28049,9
28051,9
28053,9
28055,9
28057,9
28059,6
28061,6
28063,9
28065,6
28067,6
28069,9
28071,9
28073,6
28075,6
28077,6
28079,9
28081,9
28083,9
28085,9
28087,9
28089,9
28091,6
28093,9
28095,9
28097,9
28099,9
28101,6
28103,9
28105,9
28107,9
28109,6
28111,6
28113,6
28115,9
28117,9
28119,9
28121,9
28123,9
28125,9
28127,6
28129,6
28131,6
28133,9
28135,9
28137,9
28139,9
28141,9
28143,9
28145,9
28147,6
28149,9
28151,9
28153,6
28155,9
28157,9
28159,9
28161,9
28163,9
29001,1
29003,1
29005,1
29007,1
29009,5
29011,5
29013,1
29015,1
29017,5
29019,1
29021,1
29023,1
29025,1
29027,1
29029,1
29031,1
29033,1
29035,5
29037,1
29039,1
29041,1
29043,5
29045,1
29047,1
29049,1
29051,1
29053,1
29055,1
29057,5
29059,1
29061,1
29063,1
29065,5
29067,5
29069,1
29071,1
29073,1
29075,1
29077,5
29079,1
29081,1
29083,1
29085,1
29087,1
29089,1
29091,5
29093,5
29095,1
29097,5
29099,1
29101,1
29103,1
29105,1
29107,1
29109,5
29111,1
29113,1
29115,1
29117,1
29119,5
29121,1
29123,5
29125,1
29127,1
29129,1
29131,1
29133,1
29135,1
29137,1
29139,1
29141,1
29143,1
29145,5
29147,1
29149,5
29151,1
29153,5
29155,1
29157,1
29159,1
29161,1
29163,1
29165,1
29167,1
29169,1
29171,1
29173,1
29175,1
29177,1
29179,5
29181,5
29183,1
29185,1
29187,1
29189,1
29195,1
29197,1
29199,1
29201,1
29203,5
29205,1
29207,1
29209,5
29211,1
29213,5
29215,5
29217,1
29219,1
29221,1
29223,5
29225,5
29227,1
29229,5
29510,1
30001,8
30003,8
30005,3
30007,8
30009,8
30011,3
30013,8
30015,3
30017,3
30019,3
30021,3
30023,8
30025,3
30027,8
30029,8
30031,8
30033,3
30035,3
30037,8
30039,8
30041,3
30043,8
30045,8
30047,8
30049,8
30051,3
30053,8
30055,3
30057,8
30059,8
30061,8
30063,8
30065,8
30067,8
30069,8
30071,3
30073,3
30075,3
30077,8
30079,3
30081,8
30083,3
30085,3
30087,3
30089,8
30091,3
30093,8
30095,8
30097,8
30099,3
30101,3
30103,8
30105,3
30107,8
30109,3
30111,8
30113,8
31001,4
31003,1
31005,3
31007,3
31009,3
31011,1
31013,3
31015,3
31017,3
31019,4
31021,1
31023,1
31025,1
31027,1
31029,4
31031,3
31033,3
31035,4
31037,1
31039,1
31041,4
31043,1
31045,3
31047,4
31049,3
31051,1
31053,1
31055,1
31057,4
31059,4
31061,4
31063,4
31065,4
31067,4
31069,3
31071,3
31073,4
31075,3
31077,4
31079,4
31081,1
31083,4
31085,4
31087,4
31089,3
31091,3
31093,4
31095,4
31097,4
31099,4
31101,4
31103,3
31105,3
31107,1
31109,1
31111,4
31113,3
31115,3
31117,3
31119,1
31121,1
31123,3
31125,1
31127,4
31129,4
31131,4
31133,4
31135,4
31137,4
31139,1
31141,1
31143,1
31145,4
31147,4
31149,3
31151,4
31153,1
31155,1
31157,3
31159,1
31161,3
31163,4
31165,3
31167,1
31169,4
31171,3
31173,1
31175,4
31177,1
31179,1
31181,4
31183,3
31185,1
32001,8
32003,8
32005,8
32007,8
32009,8
32011,8
32013,8
32015,8
32017,8
32019,8
32021,8
32023,8
32027,8
32029,8
32031,8
32033,8
32510,8
33001,2
33003,2
33005,2
33007,2
33009,2
33011,2
33013,2
33015,2
33017,2
33019,2
34001,2
34003,2
34005,2
34007,2
34009,2
34011,2
34013,2
34015,2
34017,2
34019,2
34021,2
34023,2
34025,2
34027,2
34029,2
34031,2
34033,2
34035,2
34037,2
34039,2
34041,2
35001,8
35003,8
35005,4
35006,8
35007,4
35009,4
35011,4
35013,4
35015,4
35017,8
35019,4
35021,4
35023,8
35025,4
35027,4
35028,8
35029,8
35031,8
35033,4
35035,4
35037,4
35039,8
35041,4
35043,8
35045,8
35047,4
35049,8
35051,8
35053,8
35055,8
35057,4
35059,4
35061,8
36001,2
36003,2
36005,2
36007,2
36009,2
36011,2
36013,2
36015,2
36017,2
36019,2
36021,2
36023,2
36025,2
36027,2
36029,2
36031,2
36033,2
36035,2
36037,2
36039,2
36041,2
36043,2
36045,2
36047,2
36049,2
36051,2
36053,2
36055,2
36057,2
36059,2
36061,2
36063,2
36065,2
36067,2
36069,2
36071,2
36073,2
36075,2
36077,2
36079,2
36081,2
36083,2
36087,2
36089,2
36091,2
36093,2
36095,2
36097,2
36099,2
36101,2
36103,2
36105,2
36107,2
36109,2
36111,2
36113,2
36115,2
36117,2
36119,2
36121,2
36123,2
37001,6
37003,6
37005,6
37007,6
37009,6
37011,6
37013,6
37015,6
37017,6
37019,6
37021,5
37023,5
37025,6
37027,6
37029,6
37031,6
37033,6
37035,6
37037,6
37039,5
37041,6
37043,5
37045,6
37047,6
37049,6
37051,6
37053,6
37055,6
37057,6
37059,6
37061,6
37063,6
37065,6
37067,6
37069,6
37071,6
37073,6
37075,5
37077,6
37079,6
37081,6
37083,6
37085,6
37087,5
37089,5
37091,6
37093,6
37095,6
37097,6
37099,5
37101,6
37103,6
37105,6
37107,6
37109,6
37111,5
37113,5
37115,5
37117,6
37119,6
37121,5
37123,6
37125,6
37127,6
37129,6
37131,6
37133,6
37135,6
37137,6
37139,6
37141,6
37143,6
37145,6
37147,6
37149,5
37151,6
37153,6
37155,6
37157,6
37159,6
37161,5
37163,6
37165,6
37167,6
37169,6
37171,6
37173,5
37175,5
37177,6
37179,6
37181,6
37183,6
37185,6
37187,6
37189,6
37191,6
37193,6
37195,6
37197,6
37199,5
38001,3
38003,3
38005,3
38007,3
38009,3
38011,3
38013,3
38015,3
38017,3
38019,3
38021,3
38023,3
38025,3
38027,3
38029,3
38031,3
38033,3
38035,3
38037,3
38039,3
38041,3
38043,3
38045,3
38047,3
38049,3
38051,3
38053,3
38055,3
38057,3
38059,3
38061,3
38063,3
38065,3
38067,3
38069,3
38071,3
38073,3
38075,3
38077,3
38079,3
38081,3
38083,3
38085,3
38087,3
38089,3
38091,3
38093,3
38095,3
38097,3
38099,3
38101,3
38103,3
38105,3
39001,1
39003,1
39005,2
39007,2
39009,5
39011,1
39013,5
39015,1
39017,1
39019,5
39021,1
39023,1
39025,1
39027,1
39029,2
39031,5
39033,2
39035,2
39037,1
39039,1
39041,1
39043,2
39045,1
39047,1
39049,1
39051,1
39053,1
39055,2
39057,1
39059,5
39061,1
39063,1
39065,1
39067,5
39069,1
39071,1
39073,5
39075,5
39077,2
39079,1
39081,5
39083,1
39085,2
39087,1
39089,1
39091,1
39093,2
39095,1
39097,1
39099,2
39101,1
39103,2
39105,5
39107,1
39109,1
39111,5
39113,1
39115,5
39117,1
39119,5
39121,5
39123,2
39125,1
39127,5
39129,1
39131,1
39133,2
39135,1
39137,1
39139,2
39141,1
39143,2
39145,1
39147,2
39149,1
39151,2
39153,2
39155,2
39157,5
39159,1
39161,1
39163,5
39165,1
39167,5
39169,2
39171,1
39173,1
39175,2
40001,5
40003,4
40005,4
40007,4
40009,4
40011,4
40013,4
40015,4
40017,4
40019,4
40021,5
40023,5
40025,4
40027,4
40029,4
40031,4
40033,4
40035,5
40037,4
40039,4
40041,5
40043,4
40045,4
40047,4
40049,4
40051,4
40053,4
40055,4
40057,4
40059,4
40061,5
40063,5
40065,4
40067,4
40069,4
40071,4
40073,4
40075,4
40077,5
40079,5
40081,4
40083,4
40085,4
40087,4
40089,5
40091,5
40093,4
40095,4
40097,5
40099,4
40101,5
40103,4
40105,5
40107,4
40109,4
40111,5
40113,5
40115,5
40117,5
40119,4
40121,5
40123,4
40125,4
40127,5
40129,4
40131,5
40133,4
40135,5
40137,4
40139,4
40141,4
40143,5
40145,5
40147,5
40149,4
40151,4
40153,4
41001,7
41003,7
41005,7
41007,7
41009,7
41011,7
41013,8
41015,7
41017,8
41019,7
41021,8
41023,8
41025,8
41027,8
41029,7
41031,8
41033,7
41035,8
41037,8
41039,7
41041,7
41043,7
41045,8
41047,7
41049,8
41051,7
41053,7
41055,8
41057,7
41059,7
41061,7
41063,7
41065,8
41067,7
41069,8
41071,7
42001,2
42003,5
42005,5
42007,5
42009,2
42011,2
42013,2
42015,2
42017,2
42019,5
42021,2
42023,2
42025,2
42027,2
42029,2
42031,5
42033,2
42035,2
42037,2
42039,2
42041,2
42043,2
42045,2
42047,2
42049,2
42051,5
42053,2
42055,2
42057,2
42059,5
42061,2
42063,5
42065,5
42067,2
42069,2
42071,2
42073,5
42075,2
42077,2
42079,2
42081,2
42083,2
42085,2
42087,2
42089,2
42091,2
42093,2
42095,2
42097,2
42099,2
42101,2
42103,2
42105,2
42107,2
42109,2
42111,5
42113,2
42115,2
42117,2
42119,2
42121,2
42123,2
42125,5
42127,2
42129,5
42131,2
42133,2
44001,2
44003,2
44007,2
44009,2
45001,6
45003,6
45005,7
45007,6
45009,7
45011,7
45013,7
45015,7
45017,6
45019,7
45021,6
45023,6
45025,6
45027,6
45029,7
45031,6
45033,6
45035,7
45037,6
45039,6
45041,6
45043,6
45045,6
45047,6
45049,7
45051,6
45053,7
45055,6
45057,6
45059,6
45061,6
45063,6
45065,6
45067,6
45069,6
45071,6
45073,6
45075,6
45077,6
45079,6
45081,6
45083,6
45085,6
45087,6
45089,6
45091,6
46003,3
46005,3
46007,3
46009,1
46011,1
46013,3
46015,3
46017,3
46019,3
46021,3
46023,1
46025,3
46027,1
46029,3
46031,3
46033,3
46035,1
46037,3
46039,3
46041,3
46043,1
46045,3
46047,3
46049,3
46051,3
46053,3
46055,3
46057,3
46059,3
46061,1
46063,3
46065,3
46067,1
46069,3
46071,3
46073,3
46075,3
46077,1
46079,1
46081,3
46083,1
46085,3
46087,1
46089,3
46091,3
46093,3
46095,3
46097,1
46099,1
46101,1
46103,3
46105,3
46107,3
46109,3
46111,1
46113,3
46115,3
46117,3
46119,3
46121,3
46123,3
46125,1
46127,1
46129,3
46135,1
46137,3
47001,5
47003,5
47005,9
47007,5
47009,5
47011,5
47013,5
47015,5
47017,9
47019,5
47021,9
47023,9
47025,5
47027,5
47029,5
47031,5
47033,9
47035,5
47037,5
47039,9
47041,5
47043,9
47045,9
47047,9
47049,5
47051,5
47053,9
47055,5
47057,5
47059,5
47061,5
47063,5
47065,5
47067,5
47069,9
47071,9
47073,5
47075,9
47077,9
47079,9
47081,9
47083,9
47085,9
47087,5
47089,5
47091,5
47093,5
47095,9
47097,9
47099,9
47101,9
47103,5
47105,5
47107,5
47109,9
47111,5
47113,9
47115,5
47117,5
47119,5
47121,5
47123,5
47125,9
47127,5
47129,5
47131,9
47133,5
47135,9
47137,5
47139,5
47141,5
47143,5
47145,5
47147,9
47149,5
47151,5
47153,5
47155,5
47157,9
47159,5
47161,9
47163,5
47165,5
47167,9
47169,5
47171,5
47173,5
47175,5
47177,5
47179,5
47181,9
47183,9
47185,5
47187,5
47189,5
48001,6
48003,4
48005,6
48007,7
48009,4
48011,4
48013,7
48015,4
48017,4
48019,4
48021,4
48023,4
48025,4
48027,4
48029,4
48031,4
48033,4
48035,4
48037,6
48039,7
48041,6
48043,7
48045,4
48047,7
48049,4
48051,4
48053,4
48055,4
48057,7
48059,4
48061,7
48063,6
48065,4
48067,6
48069,4
48071,7
48073,6
48075,4
48077,4
48079,4
48081,4
48083,4
48085,4
48087,4
48089,4
48091,4
48093,4
48095,4
48097,4
48099,4
48101,4
48103,7
48105,4
48107,4
48109,7
48111,4
48113,4
48115,4
48117,4
48119,4
48121,4
48123,4
48125,4
48127,7
48129,4
48131,7
48133,4
48135,7
48137,4
48139,4
48141,7
48143,4
48145,4
48147,4
48149,4
48151,4
48153,4
48155,4
48157,7
48159,6
48161,6
48163,7
48165,4
48167,7
48169,4
48171,4
48173,4
48175,4
48177,4
48179,4
48181,4
48183,6
48185,6
48187,4
48189,4
48191,4
48193,4
48195,4
48197,4
48199,6
48201,7
48203,6
48205,4
48207,4
48209,4
48211,4
48213,6
48215,7
48217,4
48219,4
48221,4
48223,6
48225,6
48227,4
48229,7
48231,4
48233,4
48235,4
48237,4
48239,7
48241,6
48243,7
48245,7
48247,7
48249,7
48251,4
48253,4
48255,4
48257,4
48259,4
48261,7
48263,4
48265,4
48267,4
48269,4
48271,4
48273,7
48275,4
48277,4
48279,4
48281,4
48283,7
48285,4
48287,4
48289,6
48291,7
48293,4
48295,4
48297,7
48299,4
48301,7
48303,4
48305,4
48307,4
48309,4
48311,7
48313,6
48315,6
48317,4
48319,4
48321,7
48323,7
48325,4
48327,4
48329,4
48331,4
48333,4
48335,4
48337,4
48339,6
48341,4
48343,6
48345,4
48347,6
48349,4
48351,6
48353,4
48355,7
48357,4
48359,4
48361,7
48363,4
48365,6
48367,4
48369,4
48371,7
48373,6
48375,4
48377,7
48379,6
48381,4
48383,4
48385,4
48387,6
48389,7
48391,7
48393,4
48395,6
48397,4
48399,4
48401,6
48403,6
48405,6
48407,6
48409,7
48411,4
48413,4
48415,4
48417,4
48419,6
48421,4
48423,6
48425,4
48427,7
48429,4
48431,4
48433,4
48435,4
48437,4
48439,4
48441,4
48443,7
48445,4
48447,4
48449,6
48451,4
48453,4
48455,6
48457,6
48459,6
48461,4
48463,4
48465,4
48467,6
48469,7
48471,6
48473,6
48475,7
48477,4
48479,7
48481,7
48483,4
48485,4
48487,4
48489,7
48491,4
48493,4
48495,7
48497,4
48499,6
48501,4
48503,4
48505,7
48507,7
49001,8
49003,8
49005,8
49007,8
49009,8
49011,8
49013,8
49015,8
49017,8
49019,8
49021,8
49023,8
49025,8
49027,8
49029,8
49031,8
49033,8
49035,8
49037,8
49039,8
49041,8
49043,8
49045,8
49047,8
49049,8
49051,8
49053,8
49055,8
49057,8
50001,2
50003,2
50005,2
50007,2
50009,2
50011,2
50013,2
50015,2
50017,2
50019,2
50021,2
50023,2
50025,2
50027,2
51001,6
51003,6
51005,5
51007,6
51009,6
51011,6
51013,6
51015,5
51017,5
51019,6
51021,5
51023,5
51025,6
51027,5
51029,6
51031,6
51033,6
51035,5
51036,6
51037,6
51041,6
51043,6
51045,5
51047,6
51049,6
51051,5
51053,6
51057,6
51059,6
51061,6
51063,5
51065,6
51067,6
51069,6
51071,5
51073,6
51075,6
51077,5
51079,6
51081,6
51083,6
51085,6
51087,6
51089,6
51091,5
51093,6
51095,6
51097,6
51099,6
51101,6
51103,6
51105,5
51107,6
51109,6
51111,6
51113,6
51115,6
51117,6
51119,6
51121,5
51125,6
51127,6
51131,6
51133,6
51135,6
51137,6
51139,6
51141,6
51143,6
51145,6
51147,6
51149,6
51153,6
51155,5
51157,6
51159,6
51161,5
51163,5
51165,6
51167,5
51169,5
51171,6
51173,5
51175,6
51177,6
51179,6
51181,6
51183,6
51185,5
51187,6
51191,5
51193,6
51195,5
51197,5
51199,6
51510,6
51515,6
51530,5
51540,6
51550,6
51560,5
51570,6
51580,5
51590,6
51595,6
51600,6
51610,6
51620,6
51630,6
51640,5
51650,6
51660,6
51670,6
51678,5
51680,6
51683,6
51685,6
51690,6
51700,6
51710,6
51720,5
51730,6
51735,6
51740,6
51750,5
51760,6
51770,5
51775,5
51780,6
51790,5
51800,6
51810,6
51820,5
51830,6
51840,6
53001,7
53003,8
53005,7
53007,7
53009,7
53011,7
53013,8
53015,7
53017,7
53019,8
53021,7
53023,8
53025,7
53027,7
53029,7
53031,7
53033,7
53035,7
53037,7
53039,7
53041,7
53043,7
53045,7
53047,7
53049,7
53051,8
53053,7
53057,7
53059,7
53061,7
53063,8
53065,8
53067,7
53069,7
53071,8
53073,7
53075,8
53077,7
54001,5
54003,5
54005,5
54007,5
54009,5
54011,5
54013,5
54015,5
54017,5
54019,5
54021,5
54023,5
54025,5
54027,5
54029,5
54031,5
54033,5
54035,5
54037,5
54039,5
54041,5
54043,5
54045,5
54047,5
54049,5
54051,5
54053,5
54055,5
54057,5
54059,5
54061,5
54063,5
54065,5
54067,5
54069,5
54071,5
54073,5
54075,5
54077,5
54079,5
54081,5
54083,5
54085,5
54087,5
54089,5
54091,5
54093,5
54095,5
54097,5
54099,5
54101,5
54103,5
54105,5
54107,5
54109,5
55001,2
55003,2
55005,2
55007,2
55009,2
55011,2
55013,2
55015,2
55017,2
55019,2
55021,2
55023,2
55025,2
55027,2
55029,2
55031,2
55033,2
55035,2
55037,2
55039,2
55041,2
55043,2
55045,2
55047,2
55049,2
55051,2
55053,2
55055,2
55057,2
55059,2
55061,2
55063,2
55065,2
55067,2
55069,2
55071,2
55073,2
55075,2
55077,2
55078,2
55079,2
55081,2
55083,2
55085,2
55087,2
55089,2
55091,2
55093,2
55095,2
55097,2
55099,2
55101,2
55103,2
55105,2
55107,2
55109,2
55111,2
55113,2
55115,2
55117,2
55119,2
55121,2
55123,2
55125,2
55127,2
55129,2
55131,2
55133,2
55135,2
55137,2
55139,2
55141,2
56001,8
56003,8
56005,3
56007,8
56009,3
56011,3
56013,8
56015,3
56017,8
56019,3
56021,3
56023,8
56025,8
56027,3
56029,8
56031,3
56033,3
56035,8
56037,8
56039,8
56041,8
56043,8
56045,3
44005,2
25007,2
25019,2
36085,2
29186,1
53055,7
51520,5
12086,7